Maisbich basin temperature data, sensor 1209366_laser, month 2008-11
"time","T"
"","Temperature"
"yyyy-mm-ddThh:mm:ss","deg C"
2008-11-01T00:00:00,23.112
2008-11-01T00:06:00,23.112
2008-11-01T00:12:00,23.112
2008-11-01T00:18:00,23.088
2008-11-01T00:24:00,23.064
2008-11-01T00:30:00,23.04
2008-11-01T00:36:00,23.016
2008-11-01T00:42:00,23.016
2008-11-01T00:48:00,23.016
2008-11-01T00:54:00,22.992
2008-11-01T01:00:00,23.016
2008-11-01T01:06:00,22.992
2008-11-01T01:12:00,22.968
2008-11-01T01:18:00,22.92
2008-11-01T01:24:00,22.92
2008-11-01T01:30:00,22.92
2008-11-01T01:36:00,22.896
2008-11-01T01:42:00,22.872
2008-11-01T01:48:00,22.896
2008-11-01T01:54:00,22.872
2008-11-01T02:00:00,22.848
2008-11-01T02:06:00,22.848
2008-11-01T02:12:00,22.848
2008-11-01T02:18:00,22.824
2008-11-01T02:24:00,22.824
2008-11-01T02:30:00,22.824
2008-11-01T02:36:00,22.8
2008-11-01T02:42:00,22.776
2008-11-01T02:48:00,22.8
2008-11-01T02:54:00,22.776
2008-11-01T03:00:00,22.753
2008-11-01T03:06:00,22.753
2008-11-01T03:12:00,22.729
2008-11-01T03:18:00,22.729
2008-11-01T03:24:00,22.729
2008-11-01T03:30:00,22.729
2008-11-01T03:36:00,22.705
2008-11-01T03:42:00,22.681
2008-11-01T03:48:00,22.681
2008-11-01T03:54:00,22.681
2008-11-01T04:00:00,22.657
2008-11-01T04:06:00,22.657
2008-11-01T04:12:00,22.609
2008-11-01T04:18:00,22.633
2008-11-01T04:24:00,22.609
2008-11-01T04:30:00,22.633
2008-11-01T04:36:00,22.633
2008-11-01T04:42:00,22.609
2008-11-01T04:48:00,22.585
2008-11-01T04:54:00,22.585
2008-11-01T05:00:00,22.585
2008-11-01T05:06:00,22.561
2008-11-01T05:12:00,22.537
2008-11-01T05:18:00,22.561
2008-11-01T05:24:00,22.537
2008-11-01T05:30:00,22.537
2008-11-01T05:36:00,22.537
2008-11-01T05:42:00,22.657
2008-11-01T05:48:00,22.896
2008-11-01T05:54:00,23.232
2008-11-01T06:00:00,23.569
2008-11-01T06:06:00,23.785
2008-11-01T06:12:00,24.074
2008-11-01T06:18:00,24.291
2008-11-01T06:24:00,24.436
2008-11-01T06:30:00,24.581
2008-11-01T06:36:00,24.677
2008-11-01T06:42:00,24.702
2008-11-01T06:48:00,24.798
2008-11-01T06:54:00,24.823
2008-11-01T07:00:00,24.871
2008-11-01T07:06:00,24.871
2008-11-01T07:12:00,24.895
2008-11-01T07:18:00,24.944
2008-11-01T07:24:00,24.968
2008-11-01T07:30:00,24.919
2008-11-01T07:36:00,24.919
2008-11-01T07:42:00,24.944
2008-11-01T07:48:00,24.871
2008-11-01T07:54:00,24.895
2008-11-01T08:00:00,25.016
2008-11-01T08:06:00,24.992
2008-11-01T08:12:00,24.992
2008-11-01T08:18:00,24.944
2008-11-01T08:24:00,24.992
2008-11-01T08:30:00,25.016
2008-11-01T08:36:00,25.04
2008-11-01T08:42:00,25.016
2008-11-01T08:48:00,24.992
2008-11-01T08:54:00,25.016
2008-11-01T09:00:00,25.016
2008-11-01T09:06:00,25.016
2008-11-01T09:12:00,25.04
2008-11-01T09:18:00,25.065
2008-11-01T09:24:00,25.113
2008-11-01T09:30:00,25.089
2008-11-01T09:36:00,25.04
2008-11-01T09:42:00,25.016
2008-11-01T09:48:00,25.04
2008-11-01T09:54:00,25.089
2008-11-01T10:00:00,25.113
2008-11-01T10:06:00,25.113
2008-11-01T10:12:00,25.065
2008-11-01T10:18:00,25.065
2008-11-01T10:24:00,25.113
2008-11-01T10:30:00,25.162
2008-11-01T10:36:00,25.137
2008-11-01T10:42:00,25.089
2008-11-01T10:48:00,25.089
2008-11-01T10:54:00,25.162
2008-11-01T11:00:00,25.186
2008-11-01T11:06:00,25.162
2008-11-01T11:12:00,25.162
2008-11-01T11:18:00,25.089
2008-11-01T11:24:00,25.113
2008-11-01T11:30:00,25.162
2008-11-01T11:36:00,25.234
2008-11-01T11:42:00,25.186
2008-11-01T11:48:00,25.137
2008-11-01T11:54:00,25.137
2008-11-01T12:00:00,25.186
2008-11-01T12:06:00,25.186
2008-11-01T12:12:00,25.21
2008-11-01T12:18:00,25.162
2008-11-01T12:24:00,25.162
2008-11-01T12:30:00,25.137
2008-11-01T12:36:00,25.162
2008-11-01T12:42:00,25.21
2008-11-01T12:48:00,25.234
2008-11-01T12:54:00,25.186
2008-11-01T13:00:00,25.186
2008-11-01T13:06:00,25.137
2008-11-01T13:12:00,25.21
2008-11-01T13:18:00,25.258
2008-11-01T13:24:00,25.258
2008-11-01T13:30:00,25.283
2008-11-01T13:36:00,25.21
2008-11-01T13:42:00,25.186
2008-11-01T13:48:00,25.162
2008-11-01T13:54:00,25.234
2008-11-01T14:00:00,25.258
2008-11-01T14:06:00,25.234
2008-11-01T14:12:00,25.234
2008-11-01T14:18:00,25.186
2008-11-01T14:24:00,25.162
2008-11-01T14:30:00,25.21
2008-11-01T14:36:00,25.283
2008-11-01T14:42:00,25.234
2008-11-01T14:48:00,25.258
2008-11-01T14:54:00,25.21
2008-11-01T15:00:00,25.21
2008-11-01T15:06:00,25.234
2008-11-01T15:12:00,25.283
2008-11-01T15:18:00,25.307
2008-11-01T15:24:00,25.283
2008-11-01T15:30:00,25.234
2008-11-01T15:36:00,25.234
2008-11-01T15:42:00,25.234
2008-11-01T15:48:00,25.307
2008-11-01T15:54:00,25.283
2008-11-01T16:00:00,25.307
2008-11-01T16:06:00,25.258
2008-11-01T16:12:00,25.21
2008-11-01T16:18:00,25.186
2008-11-01T16:24:00,25.137
2008-11-01T16:30:00,25.089
2008-11-01T16:36:00,24.992
2008-11-01T16:42:00,24.992
2008-11-01T16:48:00,24.944
2008-11-01T16:54:00,24.919
2008-11-01T17:00:00,24.895
2008-11-01T17:06:00,24.871
2008-11-01T17:12:00,24.823
2008-11-01T17:18:00,24.823
2008-11-01T17:24:00,24.798
2008-11-01T17:30:00,24.75
2008-11-01T17:36:00,24.726
2008-11-01T17:42:00,24.702
2008-11-01T17:48:00,24.629
2008-11-01T17:54:00,24.629
2008-11-01T18:00:00,24.629
2008-11-01T18:06:00,24.605
2008-11-01T18:12:00,24.557
2008-11-01T18:18:00,24.532
2008-11-01T18:24:00,24.484
2008-11-01T18:30:00,24.508
2008-11-01T18:36:00,24.46
2008-11-01T18:42:00,24.436
2008-11-01T18:48:00,24.436
2008-11-01T18:54:00,24.363
2008-11-01T19:00:00,24.339
2008-11-01T19:06:00,24.315
2008-11-01T19:12:00,24.315
2008-11-01T19:18:00,24.267
2008-11-01T19:24:00,24.291
2008-11-01T19:30:00,24.243
2008-11-01T19:36:00,24.219
2008-11-01T19:42:00,24.195
2008-11-01T19:48:00,24.195
2008-11-01T19:54:00,24.171
2008-11-01T20:00:00,24.146
2008-11-01T20:06:00,24.146
2008-11-01T20:12:00,24.122
2008-11-01T20:18:00,24.074
2008-11-01T20:24:00,24.05
2008-11-01T20:30:00,24.05
2008-11-01T20:36:00,24.026
2008-11-01T20:42:00,24.002
2008-11-01T20:48:00,23.978
2008-11-01T20:54:00,23.954
2008-11-01T21:00:00,23.93
2008-11-01T21:06:00,23.93
2008-11-01T21:12:00,23.905
2008-11-01T21:18:00,23.881
2008-11-01T21:24:00,23.905
2008-11-01T21:30:00,23.833
2008-11-01T21:36:00,23.833
2008-11-01T21:42:00,23.809
2008-11-01T21:48:00,23.785
2008-11-01T21:54:00,23.761
2008-11-01T22:00:00,23.761
2008-11-01T22:06:00,23.761
2008-11-01T22:12:00,23.737
2008-11-01T22:18:00,23.689
2008-11-01T22:24:00,23.689
2008-11-01T22:30:00,23.641
2008-11-01T22:36:00,23.641
2008-11-01T22:42:00,23.641
2008-11-01T22:48:00,23.617
2008-11-01T22:54:00,23.593
2008-11-01T23:00:00,23.593
2008-11-01T23:06:00,23.593
2008-11-01T23:12:00,23.569
2008-11-01T23:18:00,23.593
2008-11-01T23:24:00,23.569
2008-11-01T23:30:00,23.545
2008-11-01T23:36:00,23.497
2008-11-01T23:42:00,23.497
2008-11-01T23:48:00,23.472
2008-11-01T23:54:00,23.448
2008-11-02T00:00:00,23.4
2008-11-02T00:06:00,23.4
2008-11-02T00:12:00,23.424
2008-11-02T00:18:00,23.4
2008-11-02T00:24:00,23.376
2008-11-02T00:30:00,23.352
2008-11-02T00:36:00,23.328
2008-11-02T00:42:00,23.304
2008-11-02T00:48:00,23.328
2008-11-02T00:54:00,23.328
2008-11-02T01:00:00,23.328
2008-11-02T01:06:00,23.304
2008-11-02T01:12:00,23.28
2008-11-02T01:18:00,23.256
2008-11-02T01:24:00,23.256
2008-11-02T01:30:00,23.232
2008-11-02T01:36:00,23.208
2008-11-02T01:42:00,23.208
2008-11-02T01:48:00,23.232
2008-11-02T01:54:00,23.208
2008-11-02T02:00:00,23.184
2008-11-02T02:06:00,23.184
2008-11-02T02:12:00,23.16
2008-11-02T02:18:00,23.136
2008-11-02T02:24:00,23.136
2008-11-02T02:30:00,23.112
2008-11-02T02:36:00,23.112
2008-11-02T02:42:00,23.088
2008-11-02T02:48:00,23.112
2008-11-02T02:54:00,23.064
2008-11-02T03:00:00,23.064
2008-11-02T03:06:00,23.04
2008-11-02T03:12:00,23.04
2008-11-02T03:18:00,23.016
2008-11-02T03:24:00,23.016
2008-11-02T03:30:00,23.016
2008-11-02T03:36:00,22.968
2008-11-02T03:42:00,22.944
2008-11-02T03:48:00,22.992
2008-11-02T03:54:00,22.944
2008-11-02T04:00:00,22.92
2008-11-02T04:06:00,22.944
2008-11-02T04:12:00,22.944
2008-11-02T04:18:00,22.92
2008-11-02T04:24:00,22.92
2008-11-02T04:30:00,22.896
2008-11-02T04:36:00,22.896
2008-11-02T04:42:00,22.896
2008-11-02T04:48:00,22.896
2008-11-02T04:54:00,22.872
2008-11-02T05:00:00,22.848
2008-11-02T05:06:00,22.848
2008-11-02T05:12:00,22.824
2008-11-02T05:18:00,22.824
2008-11-02T05:24:00,22.8
2008-11-02T05:30:00,22.824
2008-11-02T05:36:00,22.824
2008-11-02T05:42:00,22.968
2008-11-02T05:48:00,23.184
2008-11-02T05:54:00,23.521
2008-11-02T06:00:00,23.833
2008-11-02T06:06:00,24.05
2008-11-02T06:12:00,24.267
2008-11-02T06:18:00,24.46
2008-11-02T06:24:00,24.605
2008-11-02T06:30:00,24.726
2008-11-02T06:36:00,24.871
2008-11-02T06:42:00,24.871
2008-11-02T06:48:00,24.919
2008-11-02T06:54:00,24.968
2008-11-02T07:00:00,24.944
2008-11-02T07:06:00,24.968
2008-11-02T07:12:00,24.968
2008-11-02T07:18:00,25.065
2008-11-02T07:24:00,25.113
2008-11-02T07:30:00,25.137
2008-11-02T07:36:00,25.089
2008-11-02T07:42:00,25.137
2008-11-02T07:48:00,25.113
2008-11-02T07:54:00,25.089
2008-11-02T08:00:00,25.065
2008-11-02T08:06:00,25.065
2008-11-02T08:12:00,25.113
2008-11-02T08:18:00,25.113
2008-11-02T08:24:00,25.162
2008-11-02T08:30:00,25.089
2008-11-02T08:36:00,25.089
2008-11-02T08:42:00,25.113
2008-11-02T08:48:00,25.162
2008-11-02T08:54:00,25.186
2008-11-02T09:00:00,25.186
2008-11-02T09:06:00,25.089
2008-11-02T09:12:00,25.113
2008-11-02T09:18:00,25.162
2008-11-02T09:24:00,25.21
2008-11-02T09:30:00,25.186
2008-11-02T09:36:00,25.162
2008-11-02T09:42:00,25.113
2008-11-02T09:48:00,25.137
2008-11-02T09:54:00,25.186
2008-11-02T10:00:00,25.21
2008-11-02T10:06:00,25.186
2008-11-02T10:12:00,25.186
2008-11-02T10:18:00,25.162
2008-11-02T10:24:00,25.186
2008-11-02T10:30:00,25.258
2008-11-02T10:36:00,25.283
2008-11-02T10:42:00,25.307
2008-11-02T10:48:00,25.307
2008-11-02T10:54:00,25.234
2008-11-02T11:00:00,25.283
2008-11-02T11:06:00,25.355
2008-11-02T11:12:00,25.38
2008-11-02T11:18:00,25.404
2008-11-02T11:24:00,25.355
2008-11-02T11:30:00,25.331
2008-11-02T11:36:00,25.331
2008-11-02T11:42:00,25.331
2008-11-02T11:48:00,25.355
2008-11-02T11:54:00,25.38
2008-11-02T12:00:00,25.38
2008-11-02T12:06:00,25.404
2008-11-02T12:12:00,25.404
2008-11-02T12:18:00,25.331
2008-11-02T12:24:00,25.331
2008-11-02T12:30:00,25.38
2008-11-02T12:36:00,25.404
2008-11-02T12:42:00,25.38
2008-11-02T12:48:00,25.404
2008-11-02T12:54:00,25.404
2008-11-02T13:00:00,25.404
2008-11-02T13:06:00,25.355
2008-11-02T13:12:00,25.355
2008-11-02T13:18:00,25.404
2008-11-02T13:24:00,25.404
2008-11-02T13:30:00,25.428
2008-11-02T13:36:00,25.428
2008-11-02T13:42:00,25.38
2008-11-02T13:48:00,25.355
2008-11-02T13:54:00,25.355
2008-11-02T14:00:00,25.428
2008-11-02T14:06:00,25.428
2008-11-02T14:12:00,25.453
2008-11-02T14:18:00,25.404
2008-11-02T14:24:00,25.38
2008-11-02T14:30:00,25.404
2008-11-02T14:36:00,25.355
2008-11-02T14:42:00,25.404
2008-11-02T14:48:00,25.453
2008-11-02T14:54:00,25.525
2008-11-02T15:00:00,25.477
2008-11-02T15:06:00,25.501
2008-11-02T15:12:00,25.477
2008-11-02T15:18:00,25.453
2008-11-02T15:24:00,25.428
2008-11-02T15:30:00,25.428
2008-11-02T15:36:00,25.477
2008-11-02T15:42:00,25.525
2008-11-02T15:48:00,25.501
2008-11-02T15:54:00,25.453
2008-11-02T16:00:00,25.404
2008-11-02T16:06:00,25.331
2008-11-02T16:12:00,25.331
2008-11-02T16:18:00,25.283
2008-11-02T16:24:00,25.234
2008-11-02T16:30:00,25.186
2008-11-02T16:36:00,25.186
2008-11-02T16:42:00,25.162
2008-11-02T16:48:00,25.137
2008-11-02T16:54:00,25.089
2008-11-02T17:00:00,25.04
2008-11-02T17:06:00,24.968
2008-11-02T17:12:00,24.968
2008-11-02T17:18:00,24.968
2008-11-02T17:24:00,24.919
2008-11-02T17:30:00,24.895
2008-11-02T17:36:00,24.871
2008-11-02T17:42:00,24.871
2008-11-02T17:48:00,24.847
2008-11-02T17:54:00,24.823
2008-11-02T18:00:00,24.774
2008-11-02T18:06:00,24.774
2008-11-02T18:12:00,24.75
2008-11-02T18:18:00,24.702
2008-11-02T18:24:00,24.702
2008-11-02T18:30:00,24.677
2008-11-02T18:36:00,24.653
2008-11-02T18:42:00,24.629
2008-11-02T18:48:00,24.605
2008-11-02T18:54:00,24.581
2008-11-02T19:00:00,24.581
2008-11-02T19:06:00,24.557
2008-11-02T19:12:00,24.508
2008-11-02T19:18:00,24.508
2008-11-02T19:24:00,24.508
2008-11-02T19:30:00,24.46
2008-11-02T19:36:00,24.436
2008-11-02T19:42:00,24.388
2008-11-02T19:48:00,24.388
2008-11-02T19:54:00,24.363
2008-11-02T20:00:00,24.363
2008-11-02T20:06:00,24.339
2008-11-02T20:12:00,24.291
2008-11-02T20:18:00,24.291
2008-11-02T20:24:00,24.267
2008-11-02T20:30:00,24.267
2008-11-02T20:36:00,24.195
2008-11-02T20:42:00,24.195
2008-11-02T20:48:00,24.171
2008-11-02T20:54:00,24.146
2008-11-02T21:00:00,24.146
2008-11-02T21:06:00,24.146
2008-11-02T21:12:00,24.098
2008-11-02T21:18:00,24.074
2008-11-02T21:24:00,24.05
2008-11-02T21:30:00,24.05
2008-11-02T21:36:00,24.026
2008-11-02T21:42:00,24.002
2008-11-02T21:48:00,23.978
2008-11-02T21:54:00,23.978
2008-11-02T22:00:00,23.954
2008-11-02T22:06:00,23.93
2008-11-02T22:12:00,23.905
2008-11-02T22:18:00,23.905
2008-11-02T22:24:00,23.905
2008-11-02T22:30:00,23.857
2008-11-02T22:36:00,23.857
2008-11-02T22:42:00,23.857
2008-11-02T22:48:00,23.833
2008-11-02T22:54:00,23.809
2008-11-02T23:00:00,23.809
2008-11-02T23:06:00,23.785
2008-11-02T23:12:00,23.761
2008-11-02T23:18:00,23.761
2008-11-02T23:24:00,23.737
2008-11-02T23:30:00,23.713
2008-11-02T23:36:00,23.689
2008-11-02T23:42:00,23.665
2008-11-02T23:48:00,23.665
2008-11-02T23:54:00,23.665
2008-11-03T00:00:00,23.617
2008-11-03T00:06:00,23.617
2008-11-03T00:12:00,23.593
2008-11-03T00:18:00,23.545
2008-11-03T00:24:00,23.569
2008-11-03T00:30:00,23.545
2008-11-03T00:36:00,23.545
2008-11-03T00:42:00,23.521
2008-11-03T00:48:00,23.521
2008-11-03T00:54:00,23.497
2008-11-03T01:00:00,23.472
2008-11-03T01:06:00,23.472
2008-11-03T01:12:00,23.472
2008-11-03T01:18:00,23.424
2008-11-03T01:24:00,23.472
2008-11-03T01:30:00,23.472
2008-11-03T01:36:00,23.448
2008-11-03T01:42:00,23.424
2008-11-03T01:48:00,23.424
2008-11-03T01:54:00,23.448
2008-11-03T02:00:00,23.424
2008-11-03T02:06:00,23.376
2008-11-03T02:12:00,23.352
2008-11-03T02:18:00,23.328
2008-11-03T02:24:00,23.328
2008-11-03T02:30:00,23.328
2008-11-03T02:36:00,23.328
2008-11-03T02:42:00,23.328
2008-11-03T02:48:00,23.304
2008-11-03T02:54:00,23.304
2008-11-03T03:00:00,23.304
2008-11-03T03:06:00,23.28
2008-11-03T03:12:00,23.28
2008-11-03T03:18:00,23.256
2008-11-03T03:24:00,23.256
2008-11-03T03:30:00,23.256
2008-11-03T03:36:00,23.232
2008-11-03T03:42:00,23.256
2008-11-03T03:48:00,23.232
2008-11-03T03:54:00,23.208
2008-11-03T04:00:00,23.208
2008-11-03T04:06:00,23.232
2008-11-03T04:12:00,23.208
2008-11-03T04:18:00,23.208
2008-11-03T04:24:00,23.16
2008-11-03T04:30:00,23.136
2008-11-03T04:36:00,23.16
2008-11-03T04:42:00,23.16
2008-11-03T04:48:00,23.16
2008-11-03T04:54:00,23.16
2008-11-03T05:00:00,23.16
2008-11-03T05:06:00,23.136
2008-11-03T05:12:00,23.112
2008-11-03T05:18:00,23.112
2008-11-03T05:24:00,23.088
2008-11-03T05:30:00,23.088
2008-11-03T05:36:00,23.112
2008-11-03T05:42:00,23.256
2008-11-03T05:48:00,23.424
2008-11-03T05:54:00,23.713
2008-11-03T06:00:00,24.026
2008-11-03T06:06:00,24.243
2008-11-03T06:12:00,24.484
2008-11-03T06:18:00,24.629
2008-11-03T06:24:00,24.774
2008-11-03T06:30:00,24.798
2008-11-03T06:36:00,24.919
2008-11-03T06:42:00,24.992
2008-11-03T06:48:00,25.04
2008-11-03T06:54:00,25.089
2008-11-03T07:00:00,25.113
2008-11-03T07:06:00,25.137
2008-11-03T07:12:00,25.162
2008-11-03T07:18:00,25.162
2008-11-03T07:24:00,25.258
2008-11-03T07:30:00,25.234
2008-11-03T07:36:00,25.234
2008-11-03T07:42:00,25.162
2008-11-03T07:48:00,25.186
2008-11-03T07:54:00,25.234
2008-11-03T08:00:00,25.234
2008-11-03T08:06:00,25.234
2008-11-03T08:12:00,25.21
2008-11-03T08:18:00,25.162
2008-11-03T08:24:00,25.162
2008-11-03T08:30:00,25.21
2008-11-03T08:36:00,25.258
2008-11-03T08:42:00,25.234
2008-11-03T08:48:00,25.234
2008-11-03T08:54:00,25.186
2008-11-03T09:00:00,25.234
2008-11-03T09:06:00,25.307
2008-11-03T09:12:00,25.258
2008-11-03T09:18:00,25.234
2008-11-03T09:24:00,25.258
2008-11-03T09:30:00,25.21
2008-11-03T09:36:00,25.234
2008-11-03T09:42:00,25.283
2008-11-03T09:48:00,25.283
2008-11-03T09:54:00,25.283
2008-11-03T10:00:00,25.258
2008-11-03T10:06:00,25.21
2008-11-03T10:12:00,25.234
2008-11-03T10:18:00,25.234
2008-11-03T10:24:00,25.283
2008-11-03T10:30:00,25.283
2008-11-03T10:36:00,25.258
2008-11-03T10:42:00,25.21
2008-11-03T10:48:00,25.234
2008-11-03T10:54:00,25.283
2008-11-03T11:00:00,25.355
2008-11-03T11:06:00,25.355
2008-11-03T11:12:00,25.355
2008-11-03T11:18:00,25.307
2008-11-03T11:24:00,25.283
2008-11-03T11:30:00,25.283
2008-11-03T11:36:00,25.307
2008-11-03T11:42:00,25.331
2008-11-03T11:48:00,25.355
2008-11-03T11:54:00,25.331
2008-11-03T12:00:00,25.331
2008-11-03T12:06:00,25.307
2008-11-03T12:12:00,25.331
2008-11-03T12:18:00,25.355
2008-11-03T12:24:00,25.355
2008-11-03T12:30:00,25.331
2008-11-03T12:36:00,25.331
2008-11-03T12:42:00,25.331
2008-11-03T12:48:00,25.307
2008-11-03T12:54:00,25.283
2008-11-03T13:00:00,25.355
2008-11-03T13:06:00,25.404
2008-11-03T13:12:00,25.404
2008-11-03T13:18:00,25.404
2008-11-03T13:24:00,25.38
2008-11-03T13:30:00,25.355
2008-11-03T13:36:00,25.355
2008-11-03T13:42:00,25.404
2008-11-03T13:48:00,25.428
2008-11-03T13:54:00,25.453
2008-11-03T14:00:00,25.428
2008-11-03T14:06:00,25.38
2008-11-03T14:12:00,25.355
2008-11-03T14:18:00,25.355
2008-11-03T14:24:00,25.355
2008-11-03T14:30:00,25.404
2008-11-03T14:36:00,25.428
2008-11-03T14:42:00,25.428
2008-11-03T14:48:00,25.428
2008-11-03T14:54:00,25.428
2008-11-03T15:00:00,25.404
2008-11-03T15:06:00,25.404
2008-11-03T15:12:00,25.428
2008-11-03T15:18:00,25.477
2008-11-03T15:24:00,25.501
2008-11-03T15:30:00,25.477
2008-11-03T15:36:00,25.477
2008-11-03T15:42:00,25.477
2008-11-03T15:48:00,25.453
2008-11-03T15:54:00,25.453
2008-11-03T16:00:00,25.477
2008-11-03T16:06:00,25.55
2008-11-03T16:12:00,25.525
2008-11-03T16:18:00,25.477
2008-11-03T16:24:00,25.404
2008-11-03T16:30:00,25.404
2008-11-03T16:36:00,25.355
2008-11-03T16:42:00,25.355
2008-11-03T16:48:00,25.307
2008-11-03T16:54:00,25.258
2008-11-03T17:00:00,25.234
2008-11-03T17:06:00,25.186
2008-11-03T17:12:00,25.162
2008-11-03T17:18:00,25.113
2008-11-03T17:24:00,25.089
2008-11-03T17:30:00,25.089
2008-11-03T17:36:00,25.065
2008-11-03T17:42:00,25.016
2008-11-03T17:48:00,24.968
2008-11-03T17:54:00,24.944
2008-11-03T18:00:00,24.919
2008-11-03T18:06:00,24.919
2008-11-03T18:12:00,24.871
2008-11-03T18:18:00,24.847
2008-11-03T18:24:00,24.798
2008-11-03T18:30:00,24.774
2008-11-03T18:36:00,24.774
2008-11-03T18:42:00,24.75
2008-11-03T18:48:00,24.726
2008-11-03T18:54:00,24.702
2008-11-03T19:00:00,24.629
2008-11-03T19:06:00,24.629
2008-11-03T19:12:00,24.605
2008-11-03T19:18:00,24.581
2008-11-03T19:24:00,24.581
2008-11-03T19:30:00,24.557
2008-11-03T19:36:00,24.508
2008-11-03T19:42:00,24.484
2008-11-03T19:48:00,24.46
2008-11-03T19:54:00,24.484
2008-11-03T20:00:00,24.412
2008-11-03T20:06:00,24.412
2008-11-03T20:12:00,24.363
2008-11-03T20:18:00,24.339
2008-11-03T20:24:00,24.339
2008-11-03T20:30:00,24.315
2008-11-03T20:36:00,24.291
2008-11-03T20:42:00,24.267
2008-11-03T20:48:00,24.243
2008-11-03T20:54:00,24.219
2008-11-03T21:00:00,24.195
2008-11-03T21:06:00,24.171
2008-11-03T21:12:00,24.171
2008-11-03T21:18:00,24.122
2008-11-03T21:24:00,24.098
2008-11-03T21:30:00,24.05
2008-11-03T21:36:00,24.026
2008-11-03T21:42:00,24.002
2008-11-03T21:48:00,23.978
2008-11-03T21:54:00,23.954
2008-11-03T22:00:00,23.954
2008-11-03T22:06:00,23.978
2008-11-03T22:12:00,23.905
2008-11-03T22:18:00,23.905
2008-11-03T22:24:00,23.857
2008-11-03T22:30:00,23.857
2008-11-03T22:36:00,23.809
2008-11-03T22:42:00,23.809
2008-11-03T22:48:00,23.785
2008-11-03T22:54:00,23.761
2008-11-03T23:00:00,23.737
2008-11-03T23:06:00,23.737
2008-11-03T23:12:00,23.713
2008-11-03T23:18:00,23.713
2008-11-03T23:24:00,23.665
2008-11-03T23:30:00,23.665
2008-11-03T23:36:00,23.617
2008-11-03T23:42:00,23.617
2008-11-03T23:48:00,23.593
2008-11-03T23:54:00,23.569
2008-11-04T00:00:00,23.569
2008-11-04T00:06:00,23.521
2008-11-04T00:12:00,23.521
2008-11-04T00:18:00,23.521
2008-11-04T00:24:00,23.497
2008-11-04T00:30:00,23.472
2008-11-04T00:36:00,23.448
2008-11-04T00:42:00,23.472
2008-11-04T00:48:00,23.424
2008-11-04T00:54:00,23.4
2008-11-04T01:00:00,23.4
2008-11-04T01:06:00,23.4
2008-11-04T01:12:00,23.376
2008-11-04T01:18:00,23.352
2008-11-04T01:24:00,23.328
2008-11-04T01:30:00,23.328
2008-11-04T01:36:00,23.304
2008-11-04T01:42:00,23.304
2008-11-04T01:48:00,23.28
2008-11-04T01:54:00,23.28
2008-11-04T02:00:00,23.208
2008-11-04T02:06:00,23.208
2008-11-04T02:12:00,23.208
2008-11-04T02:18:00,23.208
2008-11-04T02:24:00,23.184
2008-11-04T02:30:00,23.16
2008-11-04T02:36:00,23.136
2008-11-04T02:42:00,23.136
2008-11-04T02:48:00,23.136
2008-11-04T02:54:00,23.112
2008-11-04T03:00:00,23.088
2008-11-04T03:06:00,23.064
2008-11-04T03:12:00,23.088
2008-11-04T03:18:00,23.064
2008-11-04T03:24:00,23.064
2008-11-04T03:30:00,23.016
2008-11-04T03:36:00,23.016
2008-11-04T03:42:00,23.016
2008-11-04T03:48:00,22.992
2008-11-04T03:54:00,22.968
2008-11-04T04:00:00,22.968
2008-11-04T04:06:00,22.944
2008-11-04T04:12:00,22.92
2008-11-04T04:18:00,22.92
2008-11-04T04:24:00,22.896
2008-11-04T04:30:00,22.92
2008-11-04T04:36:00,22.896
2008-11-04T04:42:00,22.896
2008-11-04T04:48:00,22.848
2008-11-04T04:54:00,22.848
2008-11-04T05:00:00,22.8
2008-11-04T05:06:00,22.8
2008-11-04T05:12:00,22.8
2008-11-04T05:18:00,22.8
2008-11-04T05:24:00,22.8
2008-11-04T05:30:00,22.776
2008-11-04T05:36:00,22.8
2008-11-04T05:42:00,22.92
2008-11-04T05:48:00,23.136
2008-11-04T05:54:00,23.497
2008-11-04T06:00:00,23.857
2008-11-04T06:06:00,24.098
2008-11-04T06:12:00,24.315
2008-11-04T06:18:00,24.557
2008-11-04T06:24:00,24.677
2008-11-04T06:30:00,24.823
2008-11-04T06:36:00,24.919
2008-11-04T06:42:00,24.944
2008-11-04T06:48:00,24.968
2008-11-04T06:54:00,25.016
2008-11-04T07:00:00,25.089
2008-11-04T07:06:00,25.065
2008-11-04T07:12:00,25.137
2008-11-04T07:18:00,25.162
2008-11-04T07:24:00,25.186
2008-11-04T07:30:00,25.162
2008-11-04T07:36:00,25.137
2008-11-04T07:42:00,25.137
2008-11-04T07:48:00,25.186
2008-11-04T07:54:00,25.137
2008-11-04T08:00:00,25.113
2008-11-04T08:06:00,25.113
2008-11-04T08:12:00,25.089
2008-11-04T08:18:00,25.137
2008-11-04T08:24:00,25.162
2008-11-04T08:30:00,25.137
2008-11-04T08:36:00,25.113
2008-11-04T08:42:00,25.162
2008-11-04T08:48:00,25.162
2008-11-04T08:54:00,25.113
2008-11-04T09:00:00,25.089
2008-11-04T09:06:00,25.065
2008-11-04T09:12:00,25.137
2008-11-04T09:18:00,25.137
2008-11-04T09:24:00,25.113
2008-11-04T09:30:00,25.089
2008-11-04T09:36:00,25.065
2008-11-04T09:42:00,25.113
2008-11-04T09:48:00,25.162
2008-11-04T09:54:00,25.186
2008-11-04T10:00:00,25.162
2008-11-04T10:06:00,25.137
2008-11-04T10:12:00,25.113
2008-11-04T10:18:00,25.186
2008-11-04T10:24:00,25.21
2008-11-04T10:30:00,25.186
2008-11-04T10:36:00,25.186
2008-11-04T10:42:00,25.186
2008-11-04T10:48:00,25.234
2008-11-04T10:54:00,25.307
2008-11-04T11:00:00,25.307
2008-11-04T11:06:00,25.283
2008-11-04T11:12:00,25.283
2008-11-04T11:18:00,25.258
2008-11-04T11:24:00,25.258
2008-11-04T11:30:00,25.331
2008-11-04T11:36:00,25.38
2008-11-04T11:42:00,25.428
2008-11-04T11:48:00,25.428
2008-11-04T11:54:00,25.404
2008-11-04T12:00:00,25.404
2008-11-04T12:06:00,25.404
2008-11-04T12:12:00,25.38
2008-11-04T12:18:00,25.404
2008-11-04T12:24:00,25.428
2008-11-04T12:30:00,25.453
2008-11-04T12:36:00,25.477
2008-11-04T12:42:00,25.477
2008-11-04T12:48:00,25.525
2008-11-04T12:54:00,25.501
2008-11-04T13:00:00,25.55
2008-11-04T13:06:00,25.574
2008-11-04T13:12:00,25.55
2008-11-04T13:18:00,25.574
2008-11-04T13:24:00,25.525
2008-11-04T13:30:00,25.55
2008-11-04T13:36:00,25.525
2008-11-04T13:42:00,25.525
2008-11-04T13:48:00,25.598
2008-11-04T13:54:00,25.598
2008-11-04T14:00:00,25.647
2008-11-04T14:06:00,25.623
2008-11-04T14:12:00,25.598
2008-11-04T14:18:00,25.574
2008-11-04T14:24:00,25.525
2008-11-04T14:30:00,25.525
2008-11-04T14:36:00,25.55
2008-11-04T14:42:00,25.623
2008-11-04T14:48:00,25.598
2008-11-04T14:54:00,25.623
2008-11-04T15:00:00,25.574
2008-11-04T15:06:00,25.55
2008-11-04T15:12:00,25.55
2008-11-04T15:18:00,25.525
2008-11-04T15:24:00,25.525
2008-11-04T15:30:00,25.598
2008-11-04T15:36:00,25.623
2008-11-04T15:42:00,25.598
2008-11-04T15:48:00,25.55
2008-11-04T15:54:00,25.501
2008-11-04T16:00:00,25.501
2008-11-04T16:06:00,25.501
2008-11-04T16:12:00,25.428
2008-11-04T16:18:00,25.38
2008-11-04T16:24:00,25.331
2008-11-04T16:30:00,25.283
2008-11-04T16:36:00,25.258
2008-11-04T16:42:00,25.234
2008-11-04T16:48:00,25.186
2008-11-04T16:54:00,25.162
2008-11-04T17:00:00,25.137
2008-11-04T17:06:00,25.089
2008-11-04T17:12:00,25.113
2008-11-04T17:18:00,25.065
2008-11-04T17:24:00,25.04
2008-11-04T17:30:00,24.968
2008-11-04T17:36:00,24.944
2008-11-04T17:42:00,24.919
2008-11-04T17:48:00,24.871
2008-11-04T17:54:00,24.895
2008-11-04T18:00:00,24.871
2008-11-04T18:06:00,24.847
2008-11-04T18:12:00,24.823
2008-11-04T18:18:00,24.798
2008-11-04T18:24:00,24.774
2008-11-04T18:30:00,24.726
2008-11-04T18:36:00,24.726
2008-11-04T18:42:00,24.677
2008-11-04T18:48:00,24.702
2008-11-04T18:54:00,24.677
2008-11-04T19:00:00,24.653
2008-11-04T19:06:00,24.629
2008-11-04T19:12:00,24.605
2008-11-04T19:18:00,24.629
2008-11-04T19:24:00,24.605
2008-11-04T19:30:00,24.581
2008-11-04T19:36:00,24.605
2008-11-04T19:42:00,24.581
2008-11-04T19:48:00,24.532
2008-11-04T19:54:00,24.484
2008-11-04T20:00:00,24.484
2008-11-04T20:06:00,24.484
2008-11-04T20:12:00,24.484
2008-11-04T20:18:00,24.412
2008-11-04T20:24:00,24.436
2008-11-04T20:30:00,24.388
2008-11-04T20:36:00,24.363
2008-11-04T20:42:00,24.339
2008-11-04T20:48:00,24.339
2008-11-04T20:54:00,24.339
2008-11-04T21:00:00,24.339
2008-11-04T21:06:00,24.315
2008-11-04T21:12:00,24.291
2008-11-04T21:18:00,24.339
2008-11-04T21:24:00,24.267
2008-11-04T21:30:00,24.267
2008-11-04T21:36:00,24.267
2008-11-04T21:42:00,24.243
2008-11-04T21:48:00,24.219
2008-11-04T21:54:00,24.195
2008-11-04T22:00:00,24.171
2008-11-04T22:06:00,24.171
2008-11-04T22:12:00,24.171
2008-11-04T22:18:00,24.122
2008-11-04T22:24:00,24.146
2008-11-04T22:30:00,24.122
2008-11-04T22:36:00,24.074
2008-11-04T22:42:00,24.026
2008-11-04T22:48:00,24.05
2008-11-04T22:54:00,24.05
2008-11-04T23:00:00,24.026
2008-11-04T23:06:00,24.002
2008-11-04T23:12:00,24.002
2008-11-04T23:18:00,24.002
2008-11-04T23:24:00,23.978
2008-11-04T23:30:00,24.002
2008-11-04T23:36:00,23.978
2008-11-04T23:42:00,23.978
2008-11-04T23:48:00,23.978
2008-11-04T23:54:00,23.978
2008-11-05T00:00:00,23.954
2008-11-05T00:06:00,23.93
2008-11-05T00:12:00,23.93
2008-11-05T00:18:00,23.905
2008-11-05T00:24:00,23.857
2008-11-05T00:30:00,23.905
2008-11-05T00:36:00,23.881
2008-11-05T00:42:00,23.857
2008-11-05T00:48:00,23.881
2008-11-05T00:54:00,23.833
2008-11-05T01:00:00,23.809
2008-11-05T01:06:00,23.833
2008-11-05T01:12:00,23.809
2008-11-05T01:18:00,23.809
2008-11-05T01:24:00,23.809
2008-11-05T01:30:00,23.785
2008-11-05T01:36:00,23.785
2008-11-05T01:42:00,23.737
2008-11-05T01:48:00,23.761
2008-11-05T01:54:00,23.761
2008-11-05T02:00:00,23.713
2008-11-05T02:06:00,23.713
2008-11-05T02:12:00,23.713
2008-11-05T02:18:00,23.689
2008-11-05T02:24:00,23.689
2008-11-05T02:30:00,23.713
2008-11-05T02:36:00,23.665
2008-11-05T02:42:00,23.641
2008-11-05T02:48:00,23.641
2008-11-05T02:54:00,23.641
2008-11-05T03:00:00,23.641
2008-11-05T03:06:00,23.617
2008-11-05T03:12:00,23.665
2008-11-05T03:18:00,23.641
2008-11-05T03:24:00,23.617
2008-11-05T03:30:00,23.593
2008-11-05T03:36:00,23.617
2008-11-05T03:42:00,23.593
2008-11-05T03:48:00,23.569
2008-11-05T03:54:00,23.569
2008-11-05T04:00:00,23.569
2008-11-05T04:06:00,23.569
2008-11-05T04:12:00,23.521
2008-11-05T04:18:00,23.521
2008-11-05T04:24:00,23.521
2008-11-05T04:30:00,23.545
2008-11-05T04:36:00,23.521
2008-11-05T04:42:00,23.521
2008-11-05T04:48:00,23.497
2008-11-05T04:54:00,23.472
2008-11-05T05:00:00,23.497
2008-11-05T05:06:00,23.472
2008-11-05T05:12:00,23.472
2008-11-05T05:18:00,23.448
2008-11-05T05:24:00,23.448
2008-11-05T05:30:00,23.448
2008-11-05T05:36:00,23.472
2008-11-05T05:42:00,23.545
2008-11-05T05:48:00,23.737
2008-11-05T05:54:00,24.002
2008-11-05T06:00:00,24.267
2008-11-05T06:06:00,24.46
2008-11-05T06:12:00,24.653
2008-11-05T06:18:00,24.798
2008-11-05T06:24:00,24.895
2008-11-05T06:30:00,24.944
2008-11-05T06:36:00,25.065
2008-11-05T06:42:00,25.089
2008-11-05T06:48:00,25.113
2008-11-05T06:54:00,25.137
2008-11-05T07:00:00,25.137
2008-11-05T07:06:00,25.137
2008-11-05T07:12:00,25.234
2008-11-05T07:18:00,25.283
2008-11-05T07:24:00,25.283
2008-11-05T07:30:00,25.307
2008-11-05T07:36:00,25.283
2008-11-05T07:42:00,25.283
2008-11-05T07:48:00,25.258
2008-11-05T07:54:00,25.21
2008-11-05T08:00:00,25.186
2008-11-05T08:06:00,25.21
2008-11-05T08:12:00,25.258
2008-11-05T08:18:00,25.283
2008-11-05T08:24:00,25.258
2008-11-05T08:30:00,25.234
2008-11-05T08:36:00,25.186
2008-11-05T08:42:00,25.21
2008-11-05T08:48:00,25.283
2008-11-05T08:54:00,25.283
2008-11-05T09:00:00,25.283
2008-11-05T09:06:00,25.258
2008-11-05T09:12:00,25.234
2008-11-05T09:18:00,25.283
2008-11-05T09:24:00,25.307
2008-11-05T09:30:00,25.283
2008-11-05T09:36:00,25.307
2008-11-05T09:42:00,25.283
2008-11-05T09:48:00,25.258
2008-11-05T09:54:00,25.307
2008-11-05T10:00:00,25.307
2008-11-05T10:06:00,25.355
2008-11-05T10:12:00,25.331
2008-11-05T10:18:00,25.307
2008-11-05T10:24:00,25.283
2008-11-05T10:30:00,25.283
2008-11-05T10:36:00,25.283
2008-11-05T10:42:00,25.331
2008-11-05T10:48:00,25.355
2008-11-05T10:54:00,25.38
2008-11-05T11:00:00,25.355
2008-11-05T11:06:00,25.355
2008-11-05T11:12:00,25.331
2008-11-05T11:18:00,25.355
2008-11-05T11:24:00,25.355
2008-11-05T11:30:00,25.38
2008-11-05T11:36:00,25.38
2008-11-05T11:42:00,25.355
2008-11-05T11:48:00,25.355
2008-11-05T11:54:00,25.355
2008-11-05T12:00:00,25.38
2008-11-05T12:06:00,25.404
2008-11-05T12:12:00,25.428
2008-11-05T12:18:00,25.404
2008-11-05T12:24:00,25.404
2008-11-05T12:30:00,25.404
2008-11-05T12:36:00,25.404
2008-11-05T12:42:00,25.404
2008-11-05T12:48:00,25.428
2008-11-05T12:54:00,25.453
2008-11-05T13:00:00,25.477
2008-11-05T13:06:00,25.404
2008-11-05T13:12:00,25.38
2008-11-05T13:18:00,25.38
2008-11-05T13:24:00,25.453
2008-11-05T13:30:00,25.477
2008-11-05T13:36:00,25.477
2008-11-05T13:42:00,25.428
2008-11-05T13:48:00,25.477
2008-11-05T13:54:00,25.428
2008-11-05T14:00:00,25.453
2008-11-05T14:06:00,25.501
2008-11-05T14:12:00,25.501
2008-11-05T14:18:00,25.501
2008-11-05T14:24:00,25.477
2008-11-05T14:30:00,25.453
2008-11-05T14:36:00,25.453
2008-11-05T14:42:00,25.477
2008-11-05T14:48:00,25.501
2008-11-05T14:54:00,25.501
2008-11-05T15:00:00,25.501
2008-11-05T15:06:00,25.525
2008-11-05T15:12:00,25.453
2008-11-05T15:18:00,25.428
2008-11-05T15:24:00,25.428
2008-11-05T15:30:00,25.501
2008-11-05T15:36:00,25.525
2008-11-05T15:42:00,25.55
2008-11-05T15:48:00,25.55
2008-11-05T15:54:00,25.501
2008-11-05T16:00:00,25.453
2008-11-05T16:06:00,25.38
2008-11-05T16:12:00,25.38
2008-11-05T16:18:00,25.355
2008-11-05T16:24:00,25.331
2008-11-05T16:30:00,25.307
2008-11-05T16:36:00,25.258
2008-11-05T16:42:00,25.234
2008-11-05T16:48:00,25.234
2008-11-05T16:54:00,25.162
2008-11-05T17:00:00,25.162
2008-11-05T17:06:00,25.137
2008-11-05T17:12:00,25.113
2008-11-05T17:18:00,25.089
2008-11-05T17:24:00,25.065
2008-11-05T17:30:00,25.04
2008-11-05T17:36:00,25.04
2008-11-05T17:42:00,24.992
2008-11-05T17:48:00,24.968
2008-11-05T17:54:00,24.919
2008-11-05T18:00:00,24.919
2008-11-05T18:06:00,24.895
2008-11-05T18:12:00,24.847
2008-11-05T18:18:00,24.847
2008-11-05T18:24:00,24.847
2008-11-05T18:30:00,24.798
2008-11-05T18:36:00,24.798
2008-11-05T18:42:00,24.774
2008-11-05T18:48:00,24.75
2008-11-05T18:54:00,24.75
2008-11-05T19:00:00,24.702
2008-11-05T19:06:00,24.702
2008-11-05T19:12:00,24.677
2008-11-05T19:18:00,24.653
2008-11-05T19:24:00,24.629
2008-11-05T19:30:00,24.557
2008-11-05T19:36:00,24.557
2008-11-05T19:42:00,24.532
2008-11-05T19:48:00,24.557
2008-11-05T19:54:00,24.508
2008-11-05T20:00:00,24.508
2008-11-05T20:06:00,24.484
2008-11-05T20:12:00,24.46
2008-11-05T20:18:00,24.46
2008-11-05T20:24:00,24.436
2008-11-05T20:30:00,24.412
2008-11-05T20:36:00,24.388
2008-11-05T20:42:00,24.363
2008-11-05T20:48:00,24.388
2008-11-05T20:54:00,24.363
2008-11-05T21:00:00,24.315
2008-11-05T21:06:00,24.267
2008-11-05T21:12:00,24.291
2008-11-05T21:18:00,24.291
2008-11-05T21:24:00,24.243
2008-11-05T21:30:00,24.243
2008-11-05T21:36:00,24.219
2008-11-05T21:42:00,24.195
2008-11-05T21:48:00,24.195
2008-11-05T21:54:00,24.146
2008-11-05T22:00:00,24.122
2008-11-05T22:06:00,24.146
2008-11-05T22:12:00,24.122
2008-11-05T22:18:00,24.098
2008-11-05T22:24:00,24.098
2008-11-05T22:30:00,24.074
2008-11-05T22:36:00,24.05
2008-11-05T22:42:00,24.026
2008-11-05T22:48:00,24.026
2008-11-05T22:54:00,24.026
2008-11-05T23:00:00,24.002
2008-11-05T23:06:00,24.002
2008-11-05T23:12:00,23.978
2008-11-05T23:18:00,23.93
2008-11-05T23:24:00,23.93
2008-11-05T23:30:00,23.905
2008-11-05T23:36:00,23.905
2008-11-05T23:42:00,23.857
2008-11-05T23:48:00,23.881
2008-11-05T23:54:00,23.857
2008-11-06T00:00:00,23.857
2008-11-06T00:06:00,23.833
2008-11-06T00:12:00,23.833
2008-11-06T00:18:00,23.809
2008-11-06T00:24:00,23.785
2008-11-06T00:30:00,23.761
2008-11-06T00:36:00,23.761
2008-11-06T00:42:00,23.737
2008-11-06T00:48:00,23.713
2008-11-06T00:54:00,23.713
2008-11-06T01:00:00,23.689
2008-11-06T01:06:00,23.665
2008-11-06T01:12:00,23.689
2008-11-06T01:18:00,23.665
2008-11-06T01:24:00,23.617
2008-11-06T01:30:00,23.617
2008-11-06T01:36:00,23.569
2008-11-06T01:42:00,23.569
2008-11-06T01:48:00,23.593
2008-11-06T01:54:00,23.545
2008-11-06T02:00:00,23.569
2008-11-06T02:06:00,23.521
2008-11-06T02:12:00,23.497
2008-11-06T02:18:00,23.497
2008-11-06T02:24:00,23.497
2008-11-06T02:30:00,23.497
2008-11-06T02:36:00,23.472
2008-11-06T02:42:00,23.448
2008-11-06T02:48:00,23.424
2008-11-06T02:54:00,23.424
2008-11-06T03:00:00,23.4
2008-11-06T03:06:00,23.4
2008-11-06T03:12:00,23.4
2008-11-06T03:18:00,23.352
2008-11-06T03:24:00,23.328
2008-11-06T03:30:00,23.328
2008-11-06T03:36:00,23.28
2008-11-06T03:42:00,23.304
2008-11-06T03:48:00,23.304
2008-11-06T03:54:00,23.28
2008-11-06T04:00:00,23.28
2008-11-06T04:06:00,23.28
2008-11-06T04:12:00,23.256
2008-11-06T04:18:00,23.232
2008-11-06T04:24:00,23.232
2008-11-06T04:30:00,23.232
2008-11-06T04:36:00,23.208
2008-11-06T04:42:00,23.208
2008-11-06T04:48:00,23.208
2008-11-06T04:54:00,23.184
2008-11-06T05:00:00,23.208
2008-11-06T05:06:00,23.184
2008-11-06T05:12:00,23.184
2008-11-06T05:18:00,23.16
2008-11-06T05:24:00,23.136
2008-11-06T05:30:00,23.112
2008-11-06T05:36:00,23.16
2008-11-06T05:42:00,23.352
2008-11-06T05:48:00,23.617
2008-11-06T05:54:00,23.905
2008-11-06T06:00:00,24.195
2008-11-06T06:06:00,24.412
2008-11-06T06:12:00,24.581
2008-11-06T06:18:00,24.726
2008-11-06T06:24:00,24.871
2008-11-06T06:30:00,24.944
2008-11-06T06:36:00,25.04
2008-11-06T06:42:00,25.089
2008-11-06T06:48:00,25.089
2008-11-06T06:54:00,25.137
2008-11-06T07:00:00,25.162
2008-11-06T07:06:00,25.21
2008-11-06T07:12:00,25.234
2008-11-06T07:18:00,25.21
2008-11-06T07:24:00,25.186
2008-11-06T07:30:00,25.21
2008-11-06T07:36:00,25.234
2008-11-06T07:42:00,25.234
2008-11-06T07:48:00,25.186
2008-11-06T07:54:00,25.137
2008-11-06T08:00:00,25.234
2008-11-06T08:06:00,25.283
2008-11-06T08:12:00,25.283
2008-11-06T08:18:00,25.234
2008-11-06T08:24:00,25.21
2008-11-06T08:30:00,25.258
2008-11-06T08:36:00,25.307
2008-11-06T08:42:00,25.283
2008-11-06T08:48:00,25.234
2008-11-06T08:54:00,25.21
2008-11-06T09:00:00,25.234
2008-11-06T09:06:00,25.258
2008-11-06T09:12:00,25.283
2008-11-06T09:18:00,25.307
2008-11-06T09:24:00,25.283
2008-11-06T09:30:00,25.258
2008-11-06T09:36:00,25.258
2008-11-06T09:42:00,25.283
2008-11-06T09:48:00,25.307
2008-11-06T09:54:00,25.307
2008-11-06T10:00:00,25.283
2008-11-06T10:06:00,25.258
2008-11-06T10:12:00,25.258
2008-11-06T10:18:00,25.307
2008-11-06T10:24:00,25.331
2008-11-06T10:30:00,25.307
2008-11-06T10:36:00,25.331
2008-11-06T10:42:00,25.331
2008-11-06T10:48:00,25.307
2008-11-06T10:54:00,25.331
2008-11-06T11:00:00,25.355
2008-11-06T11:06:00,25.38
2008-11-06T11:12:00,25.355
2008-11-06T11:18:00,25.355
2008-11-06T11:24:00,25.355
2008-11-06T11:30:00,25.355
2008-11-06T11:36:00,25.355
2008-11-06T11:42:00,25.404
2008-11-06T11:48:00,25.404
2008-11-06T11:54:00,25.428
2008-11-06T12:00:00,25.404
2008-11-06T12:06:00,25.404
2008-11-06T12:12:00,25.355
2008-11-06T12:18:00,25.38
2008-11-06T12:24:00,25.453
2008-11-06T12:30:00,25.453
2008-11-06T12:36:00,25.428
2008-11-06T12:42:00,25.428
2008-11-06T12:48:00,25.428
2008-11-06T12:54:00,25.404
2008-11-06T13:00:00,25.404
2008-11-06T13:06:00,25.428
2008-11-06T13:12:00,25.477
2008-11-06T13:18:00,25.55
2008-11-06T13:24:00,25.501
2008-11-06T13:30:00,25.453
2008-11-06T13:36:00,25.453
2008-11-06T13:42:00,25.453
2008-11-06T13:48:00,25.477
2008-11-06T13:54:00,25.477
2008-11-06T14:00:00,25.501
2008-11-06T14:06:00,25.501
2008-11-06T14:12:00,25.525
2008-11-06T14:18:00,25.525
2008-11-06T14:24:00,25.453
2008-11-06T14:30:00,25.477
2008-11-06T14:36:00,25.55
2008-11-06T14:42:00,25.525
2008-11-06T14:48:00,25.55
2008-11-06T14:54:00,25.525
2008-11-06T15:00:00,25.501
2008-11-06T15:06:00,25.477
2008-11-06T15:12:00,25.453
2008-11-06T15:18:00,25.477
2008-11-06T15:24:00,25.55
2008-11-06T15:30:00,25.55
2008-11-06T15:36:00,25.55
2008-11-06T15:42:00,25.501
2008-11-06T15:48:00,25.501
2008-11-06T15:54:00,25.477
2008-11-06T16:00:00,25.453
2008-11-06T16:06:00,25.55
2008-11-06T16:12:00,25.55
2008-11-06T16:18:00,25.525
2008-11-06T16:24:00,25.501
2008-11-06T16:30:00,25.428
2008-11-06T16:36:00,25.355
2008-11-06T16:42:00,25.307
2008-11-06T16:48:00,25.234
2008-11-06T16:54:00,25.21
2008-11-06T17:00:00,25.234
2008-11-06T17:06:00,25.186
2008-11-06T17:12:00,25.162
2008-11-06T17:18:00,25.137
2008-11-06T17:24:00,25.089
2008-11-06T17:30:00,25.065
2008-11-06T17:36:00,25.016
2008-11-06T17:42:00,24.992
2008-11-06T17:48:00,24.968
2008-11-06T17:54:00,24.968
2008-11-06T18:00:00,24.919
2008-11-06T18:06:00,24.871
2008-11-06T18:12:00,24.871
2008-11-06T18:18:00,24.847
2008-11-06T18:24:00,24.798
2008-11-06T18:30:00,24.774
2008-11-06T18:36:00,24.798
2008-11-06T18:42:00,24.75
2008-11-06T18:48:00,24.726
2008-11-06T18:54:00,24.702
2008-11-06T19:00:00,24.653
2008-11-06T19:06:00,24.629
2008-11-06T19:12:00,24.605
2008-11-06T19:18:00,24.557
2008-11-06T19:24:00,24.581
2008-11-06T19:30:00,24.508
2008-11-06T19:36:00,24.484
2008-11-06T19:42:00,24.46
2008-11-06T19:48:00,24.412
2008-11-06T19:54:00,24.388
2008-11-06T20:00:00,24.363
2008-11-06T20:06:00,24.363
2008-11-06T20:12:00,24.315
2008-11-06T20:18:00,24.291
2008-11-06T20:24:00,24.291
2008-11-06T20:30:00,24.267
2008-11-06T20:36:00,24.243
2008-11-06T20:42:00,24.243
2008-11-06T20:48:00,24.171
2008-11-06T20:54:00,24.146
2008-11-06T21:00:00,24.098
2008-11-06T21:06:00,24.074
2008-11-06T21:12:00,24.05
2008-11-06T21:18:00,24.002
2008-11-06T21:24:00,24.002
2008-11-06T21:30:00,23.978
2008-11-06T21:36:00,23.954
2008-11-06T21:42:00,23.954
2008-11-06T21:48:00,23.905
2008-11-06T21:54:00,23.881
2008-11-06T22:00:00,23.857
2008-11-06T22:06:00,23.833
2008-11-06T22:12:00,23.833
2008-11-06T22:18:00,23.785
2008-11-06T22:24:00,23.809
2008-11-06T22:30:00,23.785
2008-11-06T22:36:00,23.761
2008-11-06T22:42:00,23.713
2008-11-06T22:48:00,23.713
2008-11-06T22:54:00,23.689
2008-11-06T23:00:00,23.689
2008-11-06T23:06:00,23.665
2008-11-06T23:12:00,23.641
2008-11-06T23:18:00,23.641
2008-11-06T23:24:00,23.641
2008-11-06T23:30:00,23.641
2008-11-06T23:36:00,23.617
2008-11-06T23:42:00,23.569
2008-11-06T23:48:00,23.545
2008-11-06T23:54:00,23.545
2008-11-07T00:00:00,23.521
2008-11-07T00:06:00,23.521
2008-11-07T00:12:00,23.472
2008-11-07T00:18:00,23.497
2008-11-07T00:24:00,23.472
2008-11-07T00:30:00,23.472
2008-11-07T00:36:00,23.472
2008-11-07T00:42:00,23.424
2008-11-07T00:48:00,23.448
2008-11-07T00:54:00,23.424
2008-11-07T01:00:00,23.376
2008-11-07T01:06:00,23.4
2008-11-07T01:12:00,23.352
2008-11-07T01:18:00,23.352
2008-11-07T01:24:00,23.352
2008-11-07T01:30:00,23.328
2008-11-07T01:36:00,23.328
2008-11-07T01:42:00,23.328
2008-11-07T01:48:00,23.28
2008-11-07T01:54:00,23.28
2008-11-07T02:00:00,23.28
2008-11-07T02:06:00,23.28
2008-11-07T02:12:00,23.256
2008-11-07T02:18:00,23.256
2008-11-07T02:24:00,23.28
2008-11-07T02:30:00,23.256
2008-11-07T02:36:00,23.256
2008-11-07T02:42:00,23.208
2008-11-07T02:48:00,23.184
2008-11-07T02:54:00,23.16
2008-11-07T03:00:00,23.184
2008-11-07T03:06:00,23.16
2008-11-07T03:12:00,23.16
2008-11-07T03:18:00,23.136
2008-11-07T03:24:00,23.136
2008-11-07T03:30:00,23.112
2008-11-07T03:36:00,23.112
2008-11-07T03:42:00,23.112
2008-11-07T03:48:00,23.088
2008-11-07T03:54:00,23.088
2008-11-07T04:00:00,23.064
2008-11-07T04:06:00,23.064
2008-11-07T04:12:00,23.04
2008-11-07T04:18:00,23.04
2008-11-07T04:24:00,23.04
2008-11-07T04:30:00,23.016
2008-11-07T04:36:00,23.016
2008-11-07T04:42:00,23.016
2008-11-07T04:48:00,23.04
2008-11-07T04:54:00,23.016
2008-11-07T05:00:00,22.992
2008-11-07T05:06:00,22.944
2008-11-07T05:12:00,22.992
2008-11-07T05:18:00,22.968
2008-11-07T05:24:00,22.944
2008-11-07T05:30:00,22.92
2008-11-07T05:36:00,22.944
2008-11-07T05:42:00,23.088
2008-11-07T05:48:00,23.304
2008-11-07T05:54:00,23.641
2008-11-07T06:00:00,23.954
2008-11-07T06:06:00,24.171
2008-11-07T06:12:00,24.388
2008-11-07T06:18:00,24.581
2008-11-07T06:24:00,24.726
2008-11-07T06:30:00,24.847
2008-11-07T06:36:00,24.919
2008-11-07T06:42:00,24.968
2008-11-07T06:48:00,24.968
2008-11-07T06:54:00,25.016
2008-11-07T07:00:00,25.04
2008-11-07T07:06:00,25.065
2008-11-07T07:12:00,25.113
2008-11-07T07:18:00,25.113
2008-11-07T07:24:00,25.162
2008-11-07T07:30:00,25.113
2008-11-07T07:36:00,25.137
2008-11-07T07:42:00,25.089
2008-11-07T07:48:00,25.137
2008-11-07T07:54:00,25.137
2008-11-07T08:00:00,25.137
2008-11-07T08:06:00,25.113
2008-11-07T08:12:00,25.113
2008-11-07T08:18:00,25.089
2008-11-07T08:24:00,25.162
2008-11-07T08:30:00,25.162
2008-11-07T08:36:00,25.186
2008-11-07T08:42:00,25.137
2008-11-07T08:48:00,25.186
2008-11-07T08:54:00,25.21
2008-11-07T09:00:00,25.21
2008-11-07T09:06:00,25.21
2008-11-07T09:12:00,25.162
2008-11-07T09:18:00,25.162
2008-11-07T09:24:00,25.234
2008-11-07T09:30:00,25.234
2008-11-07T09:36:00,25.234
2008-11-07T09:42:00,25.21
2008-11-07T09:48:00,25.137
2008-11-07T09:54:00,25.137
2008-11-07T10:00:00,25.186
2008-11-07T10:06:00,25.21
2008-11-07T10:12:00,25.162
2008-11-07T10:18:00,25.186
2008-11-07T10:24:00,25.137
2008-11-07T10:30:00,25.162
2008-11-07T10:36:00,25.21
2008-11-07T10:42:00,25.234
2008-11-07T10:48:00,25.21
2008-11-07T10:54:00,25.186
2008-11-07T11:00:00,25.186
2008-11-07T11:06:00,25.162
2008-11-07T11:12:00,25.21
2008-11-07T11:18:00,25.234
2008-11-07T11:24:00,25.234
2008-11-07T11:30:00,25.21
2008-11-07T11:36:00,25.186
2008-11-07T11:42:00,25.186
2008-11-07T11:48:00,25.234
2008-11-07T11:54:00,25.307
2008-11-07T12:00:00,25.283
2008-11-07T12:06:00,25.283
2008-11-07T12:12:00,25.283
2008-11-07T12:18:00,25.258
2008-11-07T12:24:00,25.258
2008-11-07T12:30:00,25.331
2008-11-07T12:36:00,25.331
2008-11-07T12:42:00,25.307
2008-11-07T12:48:00,25.331
2008-11-07T12:54:00,25.283
2008-11-07T13:00:00,25.258
2008-11-07T13:06:00,25.307
2008-11-07T13:12:00,25.307
2008-11-07T13:18:00,25.355
2008-11-07T13:24:00,25.331
2008-11-07T13:30:00,25.331
2008-11-07T13:36:00,25.307
2008-11-07T13:42:00,25.307
2008-11-07T13:48:00,25.355
2008-11-07T13:54:00,25.404
2008-11-07T14:00:00,25.404
2008-11-07T14:06:00,25.38
2008-11-07T14:12:00,25.331
2008-11-07T14:18:00,25.307
2008-11-07T14:24:00,25.307
2008-11-07T14:30:00,25.355
2008-11-07T14:36:00,25.404
2008-11-07T14:42:00,25.428
2008-11-07T14:48:00,25.428
2008-11-07T14:54:00,25.38
2008-11-07T15:00:00,25.355
2008-11-07T15:06:00,25.38
2008-11-07T15:12:00,25.428
2008-11-07T15:18:00,25.428
2008-11-07T15:24:00,25.453
2008-11-07T15:30:00,25.453
2008-11-07T15:36:00,25.428
2008-11-07T15:42:00,25.38
2008-11-07T15:48:00,25.38
2008-11-07T15:54:00,25.453
2008-11-07T16:00:00,25.453
2008-11-07T16:06:00,25.453
2008-11-07T16:12:00,25.428
2008-11-07T16:18:00,25.38
2008-11-07T16:24:00,25.355
2008-11-07T16:30:00,25.307
2008-11-07T16:36:00,25.283
2008-11-07T16:42:00,25.186
2008-11-07T16:48:00,25.21
2008-11-07T16:54:00,25.186
2008-11-07T17:00:00,25.137
2008-11-07T17:06:00,25.113
2008-11-07T17:12:00,25.065
2008-11-07T17:18:00,25.04
2008-11-07T17:24:00,24.992
2008-11-07T17:30:00,24.944
2008-11-07T17:36:00,24.944
2008-11-07T17:42:00,24.895
2008-11-07T17:48:00,24.871
2008-11-07T17:54:00,24.847
2008-11-07T18:00:00,24.823
2008-11-07T18:06:00,24.847
2008-11-07T18:12:00,24.798
2008-11-07T18:18:00,24.75
2008-11-07T18:24:00,24.726
2008-11-07T18:30:00,24.726
2008-11-07T18:36:00,24.702
2008-11-07T18:42:00,24.677
2008-11-07T18:48:00,24.629
2008-11-07T18:54:00,24.629
2008-11-07T19:00:00,24.557
2008-11-07T19:06:00,24.581
2008-11-07T19:12:00,24.532
2008-11-07T19:18:00,24.484
2008-11-07T19:24:00,24.46
2008-11-07T19:30:00,24.484
2008-11-07T19:36:00,24.436
2008-11-07T19:42:00,24.412
2008-11-07T19:48:00,24.388
2008-11-07T19:54:00,24.339
2008-11-07T20:00:00,24.339
2008-11-07T20:06:00,24.291
2008-11-07T20:12:00,24.267
2008-11-07T20:18:00,24.243
2008-11-07T20:24:00,24.219
2008-11-07T20:30:00,24.195
2008-11-07T20:36:00,24.195
2008-11-07T20:42:00,24.146
2008-11-07T20:48:00,24.171
2008-11-07T20:54:00,24.074
2008-11-07T21:00:00,24.122
2008-11-07T21:06:00,24.098
2008-11-07T21:12:00,24.074
2008-11-07T21:18:00,24.05
2008-11-07T21:24:00,24.002
2008-11-07T21:30:00,24.002
2008-11-07T21:36:00,23.978
2008-11-07T21:42:00,23.954
2008-11-07T21:48:00,23.954
2008-11-07T21:54:00,23.93
2008-11-07T22:00:00,23.93
2008-11-07T22:06:00,23.93
2008-11-07T22:12:00,23.905
2008-11-07T22:18:00,23.881
2008-11-07T22:24:00,23.857
2008-11-07T22:30:00,23.833
2008-11-07T22:36:00,23.833
2008-11-07T22:42:00,23.809
2008-11-07T22:48:00,23.785
2008-11-07T22:54:00,23.785
2008-11-07T23:00:00,23.761
2008-11-07T23:06:00,23.737
2008-11-07T23:12:00,23.737
2008-11-07T23:18:00,23.713
2008-11-07T23:24:00,23.713
2008-11-07T23:30:00,23.713
2008-11-07T23:36:00,23.689
2008-11-07T23:42:00,23.665
2008-11-07T23:48:00,23.665
2008-11-07T23:54:00,23.641
2008-11-08T00:00:00,23.617
2008-11-08T00:06:00,23.641
2008-11-08T00:12:00,23.593
2008-11-08T00:18:00,23.617
2008-11-08T00:24:00,23.593
2008-11-08T00:30:00,23.593
2008-11-08T00:36:00,23.545
2008-11-08T00:42:00,23.569
2008-11-08T00:48:00,23.545
2008-11-08T00:54:00,23.521
2008-11-08T01:00:00,23.521
2008-11-08T01:06:00,23.497
2008-11-08T01:12:00,23.497
2008-11-08T01:18:00,23.472
2008-11-08T01:24:00,23.497
2008-11-08T01:30:00,23.472
2008-11-08T01:36:00,23.448
2008-11-08T01:42:00,23.448
2008-11-08T01:48:00,23.424
2008-11-08T01:54:00,23.424
2008-11-08T02:00:00,23.424
2008-11-08T02:06:00,23.4
2008-11-08T02:12:00,23.4
2008-11-08T02:18:00,23.4
2008-11-08T02:24:00,23.4
2008-11-08T02:30:00,23.376
2008-11-08T02:36:00,23.328
2008-11-08T02:42:00,23.328
2008-11-08T02:48:00,23.328
2008-11-08T02:54:00,23.304
2008-11-08T03:00:00,23.304
2008-11-08T03:06:00,23.256
2008-11-08T03:12:00,23.28
2008-11-08T03:18:00,23.256
2008-11-08T03:24:00,23.28
2008-11-08T03:30:00,23.256
2008-11-08T03:36:00,23.256
2008-11-08T03:42:00,23.256
2008-11-08T03:48:00,23.256
2008-11-08T03:54:00,23.256
2008-11-08T04:00:00,23.232
2008-11-08T04:06:00,23.208
2008-11-08T04:12:00,23.208
2008-11-08T04:18:00,23.184
2008-11-08T04:24:00,23.16
2008-11-08T04:30:00,23.16
2008-11-08T04:36:00,23.136
2008-11-08T04:42:00,23.136
2008-11-08T04:48:00,23.112
2008-11-08T04:54:00,23.112
2008-11-08T05:00:00,23.112
2008-11-08T05:06:00,23.088
2008-11-08T05:12:00,23.064
2008-11-08T05:18:00,23.088
2008-11-08T05:24:00,23.04
2008-11-08T05:30:00,23.04
2008-11-08T05:36:00,23.04
2008-11-08T05:42:00,23.16
2008-11-08T05:48:00,23.376
2008-11-08T05:54:00,23.689
2008-11-08T06:00:00,24.002
2008-11-08T06:06:00,24.195
2008-11-08T06:12:00,24.436
2008-11-08T06:18:00,24.581
2008-11-08T06:24:00,24.726
2008-11-08T06:30:00,24.847
2008-11-08T06:36:00,24.968
2008-11-08T06:42:00,24.992
2008-11-08T06:48:00,24.968
2008-11-08T06:54:00,24.968
2008-11-08T07:00:00,25.065
2008-11-08T07:06:00,25.089
2008-11-08T07:12:00,25.137
2008-11-08T07:18:00,25.137
2008-11-08T07:24:00,25.137
2008-11-08T07:30:00,25.162
2008-11-08T07:36:00,25.089
2008-11-08T07:42:00,25.065
2008-11-08T07:48:00,25.065
2008-11-08T07:54:00,25.137
2008-11-08T08:00:00,25.186
2008-11-08T08:06:00,25.137
2008-11-08T08:12:00,25.162
2008-11-08T08:18:00,25.089
2008-11-08T08:24:00,25.162
2008-11-08T08:30:00,25.186
2008-11-08T08:36:00,25.186
2008-11-08T08:42:00,25.162
2008-11-08T08:48:00,25.089
2008-11-08T08:54:00,25.137
2008-11-08T09:00:00,25.137
2008-11-08T09:06:00,25.113
2008-11-08T09:12:00,25.113
2008-11-08T09:18:00,25.113
2008-11-08T09:24:00,25.113
2008-11-08T09:30:00,25.162
2008-11-08T09:36:00,25.162
2008-11-08T09:42:00,25.162
2008-11-08T09:48:00,25.137
2008-11-08T09:54:00,25.089
2008-11-08T10:00:00,25.065
2008-11-08T10:06:00,25.113
2008-11-08T10:12:00,25.162
2008-11-08T10:18:00,25.137
2008-11-08T10:24:00,25.113
2008-11-08T10:30:00,25.162
2008-11-08T10:36:00,25.186
2008-11-08T10:42:00,25.186
2008-11-08T10:48:00,25.21
2008-11-08T10:54:00,25.186
2008-11-08T11:00:00,25.162
2008-11-08T11:06:00,25.113
2008-11-08T11:12:00,25.162
2008-11-08T11:18:00,25.186
2008-11-08T11:24:00,25.186
2008-11-08T11:30:00,25.137
2008-11-08T11:36:00,25.113
2008-11-08T11:42:00,25.137
2008-11-08T11:48:00,25.162
2008-11-08T11:54:00,25.234
2008-11-08T12:00:00,25.186
2008-11-08T12:06:00,25.21
2008-11-08T12:12:00,25.186
2008-11-08T12:18:00,25.186
2008-11-08T12:24:00,25.186
2008-11-08T12:30:00,25.234
2008-11-08T12:36:00,25.258
2008-11-08T12:42:00,25.258
2008-11-08T12:48:00,25.258
2008-11-08T12:54:00,25.234
2008-11-08T13:00:00,25.258
2008-11-08T13:06:00,25.307
2008-11-08T13:12:00,25.355
2008-11-08T13:18:00,25.355
2008-11-08T13:24:00,25.38
2008-11-08T13:30:00,25.331
2008-11-08T13:36:00,25.283
2008-11-08T13:42:00,25.258
2008-11-08T13:48:00,25.355
2008-11-08T13:54:00,25.38
2008-11-08T14:00:00,25.404
2008-11-08T14:06:00,25.331
2008-11-08T14:12:00,25.331
2008-11-08T14:18:00,25.355
2008-11-08T14:24:00,25.331
2008-11-08T14:30:00,25.355
2008-11-08T14:36:00,25.355
2008-11-08T14:42:00,25.331
2008-11-08T14:48:00,25.307
2008-11-08T14:54:00,25.258
2008-11-08T15:00:00,25.283
2008-11-08T15:06:00,25.307
2008-11-08T15:12:00,25.355
2008-11-08T15:18:00,25.38
2008-11-08T15:24:00,25.355
2008-11-08T15:30:00,25.38
2008-11-08T15:36:00,25.355
2008-11-08T15:42:00,25.355
2008-11-08T15:48:00,25.428
2008-11-08T15:54:00,25.453
2008-11-08T16:00:00,25.428
2008-11-08T16:06:00,25.404
2008-11-08T16:12:00,25.404
2008-11-08T16:18:00,25.331
2008-11-08T16:24:00,25.283
2008-11-08T16:30:00,25.234
2008-11-08T16:36:00,25.21
2008-11-08T16:42:00,25.186
2008-11-08T16:48:00,25.162
2008-11-08T16:54:00,25.089
2008-11-08T17:00:00,25.089
2008-11-08T17:06:00,25.04
2008-11-08T17:12:00,24.992
2008-11-08T17:18:00,24.968
2008-11-08T17:24:00,24.968
2008-11-08T17:30:00,24.919
2008-11-08T17:36:00,24.895
2008-11-08T17:42:00,24.847
2008-11-08T17:48:00,24.823
2008-11-08T17:54:00,24.774
2008-11-08T18:00:00,24.774
2008-11-08T18:06:00,24.726
2008-11-08T18:12:00,24.702
2008-11-08T18:18:00,24.677
2008-11-08T18:24:00,24.653
2008-11-08T18:30:00,24.629
2008-11-08T18:36:00,24.581
2008-11-08T18:42:00,24.557
2008-11-08T18:48:00,24.532
2008-11-08T18:54:00,24.508
2008-11-08T19:00:00,24.484
2008-11-08T19:06:00,24.436
2008-11-08T19:12:00,24.388
2008-11-08T19:18:00,24.339
2008-11-08T19:24:00,24.363
2008-11-08T19:30:00,24.315
2008-11-08T19:36:00,24.267
2008-11-08T19:42:00,24.243
2008-11-08T19:48:00,24.243
2008-11-08T19:54:00,24.195
2008-11-08T20:00:00,24.146
2008-11-08T20:06:00,24.146
2008-11-08T20:12:00,24.098
2008-11-08T20:18:00,24.098
2008-11-08T20:24:00,24.05
2008-11-08T20:30:00,24.026
2008-11-08T20:36:00,24.002
2008-11-08T20:42:00,23.978
2008-11-08T20:48:00,23.93
2008-11-08T20:54:00,23.881
2008-11-08T21:00:00,23.857
2008-11-08T21:06:00,23.809
2008-11-08T21:12:00,23.809
2008-11-08T21:18:00,23.785
2008-11-08T21:24:00,23.737
2008-11-08T21:30:00,23.713
2008-11-08T21:36:00,23.713
2008-11-08T21:42:00,23.617
2008-11-08T21:48:00,23.641
2008-11-08T21:54:00,23.641
2008-11-08T22:00:00,23.593
2008-11-08T22:06:00,23.545
2008-11-08T22:12:00,23.521
2008-11-08T22:18:00,23.545
2008-11-08T22:24:00,23.497
2008-11-08T22:30:00,23.472
2008-11-08T22:36:00,23.472
2008-11-08T22:42:00,23.4
2008-11-08T22:48:00,23.376
2008-11-08T22:54:00,23.376
2008-11-08T23:00:00,23.376
2008-11-08T23:06:00,23.328
2008-11-08T23:12:00,23.328
2008-11-08T23:18:00,23.28
2008-11-08T23:24:00,23.256
2008-11-08T23:30:00,23.256
2008-11-08T23:36:00,23.208
2008-11-08T23:42:00,23.184
2008-11-08T23:48:00,23.16
2008-11-08T23:54:00,23.16
2008-11-09T00:00:00,23.136
2008-11-09T00:06:00,23.088
2008-11-09T00:12:00,23.088
2008-11-09T00:18:00,23.088
2008-11-09T00:24:00,23.064
2008-11-09T00:30:00,23.04
2008-11-09T00:36:00,23.04
2008-11-09T00:42:00,23.016
2008-11-09T00:48:00,22.992
2008-11-09T00:54:00,22.968
2008-11-09T01:00:00,22.944
2008-11-09T01:06:00,22.968
2008-11-09T01:12:00,22.968
2008-11-09T01:18:00,22.944
2008-11-09T01:24:00,22.896
2008-11-09T01:30:00,22.92
2008-11-09T01:36:00,22.92
2008-11-09T01:42:00,22.92
2008-11-09T01:48:00,22.872
2008-11-09T01:54:00,22.872
2008-11-09T02:00:00,22.848
2008-11-09T02:06:00,22.824
2008-11-09T02:12:00,22.824
2008-11-09T02:18:00,22.8
2008-11-09T02:24:00,22.8
2008-11-09T02:30:00,22.776
2008-11-09T02:36:00,22.753
2008-11-09T02:42:00,22.753
2008-11-09T02:48:00,22.776
2008-11-09T02:54:00,22.776
2008-11-09T03:00:00,22.753
2008-11-09T03:06:00,22.776
2008-11-09T03:12:00,22.753
2008-11-09T03:18:00,22.729
2008-11-09T03:24:00,22.729
2008-11-09T03:30:00,22.729
2008-11-09T03:36:00,22.705
2008-11-09T03:42:00,22.705
2008-11-09T03:48:00,22.729
2008-11-09T03:54:00,22.705
2008-11-09T04:00:00,22.705
2008-11-09T04:06:00,22.681
2008-11-09T04:12:00,22.705
2008-11-09T04:18:00,22.681
2008-11-09T04:24:00,22.681
2008-11-09T04:30:00,22.657
2008-11-09T04:36:00,22.657
2008-11-09T04:42:00,22.681
2008-11-09T04:48:00,22.681
2008-11-09T04:54:00,22.657
2008-11-09T05:00:00,22.657
2008-11-09T05:06:00,22.657
2008-11-09T05:12:00,22.657
2008-11-09T05:18:00,22.657
2008-11-09T05:24:00,22.657
2008-11-09T05:30:00,22.633
2008-11-09T05:36:00,22.633
2008-11-09T05:42:00,22.776
2008-11-09T05:48:00,23.016
2008-11-09T05:54:00,23.304
2008-11-09T06:00:00,23.593
2008-11-09T06:06:00,23.857
2008-11-09T06:12:00,24.098
2008-11-09T06:18:00,24.339
2008-11-09T06:24:00,24.484
2008-11-09T06:30:00,24.605
2008-11-09T06:36:00,24.653
2008-11-09T06:42:00,24.774
2008-11-09T06:48:00,24.823
2008-11-09T06:54:00,24.871
2008-11-09T07:00:00,24.919
2008-11-09T07:06:00,24.895
2008-11-09T07:12:00,24.919
2008-11-09T07:18:00,24.968
2008-11-09T07:24:00,25.04
2008-11-09T07:30:00,25.016
2008-11-09T07:36:00,25.016
2008-11-09T07:42:00,25.04
2008-11-09T07:48:00,25.04
2008-11-09T07:54:00,25.016
2008-11-09T08:00:00,24.968
2008-11-09T08:06:00,25.04
2008-11-09T08:12:00,25.113
2008-11-09T08:18:00,25.113
2008-11-09T08:24:00,25.113
2008-11-09T08:30:00,25.04
2008-11-09T08:36:00,25.065
2008-11-09T08:42:00,25.113
2008-11-09T08:48:00,25.089
2008-11-09T08:54:00,25.089
2008-11-09T09:00:00,25.04
2008-11-09T09:06:00,25.089
2008-11-09T09:12:00,25.137
2008-11-09T09:18:00,25.137
2008-11-09T09:24:00,25.113
2008-11-09T09:30:00,25.016
2008-11-09T09:36:00,25.065
2008-11-09T09:42:00,25.089
2008-11-09T09:48:00,25.113
2008-11-09T09:54:00,25.089
2008-11-09T10:00:00,25.089
2008-11-09T10:06:00,25.113
2008-11-09T10:12:00,25.04
2008-11-09T10:18:00,25.065
2008-11-09T10:24:00,25.113
2008-11-09T10:30:00,25.137
2008-11-09T10:36:00,25.065
2008-11-09T10:42:00,25.04
2008-11-09T10:48:00,25.016
2008-11-09T10:54:00,25.065
2008-11-09T11:00:00,25.137
2008-11-09T11:06:00,25.113
2008-11-09T11:12:00,25.089
2008-11-09T11:18:00,25.04
2008-11-09T11:24:00,25.065
2008-11-09T11:30:00,25.137
2008-11-09T11:36:00,25.137
2008-11-09T11:42:00,25.113
2008-11-09T11:48:00,25.113
2008-11-09T11:54:00,25.089
2008-11-09T12:00:00,25.065
2008-11-09T12:06:00,25.162
2008-11-09T12:12:00,25.162
2008-11-09T12:18:00,25.162
2008-11-09T12:24:00,25.162
2008-11-09T12:30:00,25.137
2008-11-09T12:36:00,25.113
2008-11-09T12:42:00,25.113
2008-11-09T12:48:00,25.186
2008-11-09T12:54:00,25.186
2008-11-09T13:00:00,25.21
2008-11-09T13:06:00,25.162
2008-11-09T13:12:00,25.137
2008-11-09T13:18:00,25.137
2008-11-09T13:24:00,25.186
2008-11-09T13:30:00,25.21
2008-11-09T13:36:00,25.21
2008-11-09T13:42:00,25.21
2008-11-09T13:48:00,25.113
2008-11-09T13:54:00,25.113
2008-11-09T14:00:00,25.137
2008-11-09T14:06:00,25.186
2008-11-09T14:12:00,25.21
2008-11-09T14:18:00,25.21
2008-11-09T14:24:00,25.186
2008-11-09T14:30:00,25.162
2008-11-09T14:36:00,25.162
2008-11-09T14:42:00,25.162
2008-11-09T14:48:00,25.234
2008-11-09T14:54:00,25.234
2008-11-09T15:00:00,25.234
2008-11-09T15:06:00,25.21
2008-11-09T15:12:00,25.186
2008-11-09T15:18:00,25.162
2008-11-09T15:24:00,25.21
2008-11-09T15:30:00,25.234
2008-11-09T15:36:00,25.283
2008-11-09T15:42:00,25.234
2008-11-09T15:48:00,25.21
2008-11-09T15:54:00,25.186
2008-11-09T16:00:00,25.21
2008-11-09T16:06:00,25.21
2008-11-09T16:12:00,25.234
2008-11-09T16:18:00,25.21
2008-11-09T16:24:00,25.162
2008-11-09T16:30:00,25.137
2008-11-09T16:36:00,25.089
2008-11-09T16:42:00,25.04
2008-11-09T16:48:00,25.04
2008-11-09T16:54:00,24.968
2008-11-09T17:00:00,24.968
2008-11-09T17:06:00,24.944
2008-11-09T17:12:00,24.919
2008-11-09T17:18:00,24.895
2008-11-09T17:24:00,24.871
2008-11-09T17:30:00,24.798
2008-11-09T17:36:00,24.798
2008-11-09T17:42:00,24.774
2008-11-09T17:48:00,24.726
2008-11-09T17:54:00,24.653
2008-11-09T18:00:00,24.629
2008-11-09T18:06:00,24.605
2008-11-09T18:12:00,24.605
2008-11-09T18:18:00,24.581
2008-11-09T18:24:00,24.532
2008-11-09T18:30:00,24.532
2008-11-09T18:36:00,24.532
2008-11-09T18:42:00,24.484
2008-11-09T18:48:00,24.46
2008-11-09T18:54:00,24.412
2008-11-09T19:00:00,24.363
2008-11-09T19:06:00,24.363
2008-11-09T19:12:00,24.339
2008-11-09T19:18:00,24.315
2008-11-09T19:24:00,24.291
2008-11-09T19:30:00,24.315
2008-11-09T19:36:00,24.243
2008-11-09T19:42:00,24.243
2008-11-09T19:48:00,24.267
2008-11-09T19:54:00,24.219
2008-11-09T20:00:00,24.195
2008-11-09T20:06:00,24.171
2008-11-09T20:12:00,24.122
2008-11-09T20:18:00,24.122
2008-11-09T20:24:00,24.098
2008-11-09T20:30:00,24.074
2008-11-09T20:36:00,24.05
2008-11-09T20:42:00,24.05
2008-11-09T20:48:00,24.026
2008-11-09T20:54:00,23.978
2008-11-09T21:00:00,23.978
2008-11-09T21:06:00,23.954
2008-11-09T21:12:00,23.954
2008-11-09T21:18:00,23.93
2008-11-09T21:24:00,23.905
2008-11-09T21:30:00,23.881
2008-11-09T21:36:00,23.881
2008-11-09T21:42:00,23.857
2008-11-09T21:48:00,23.857
2008-11-09T21:54:00,23.833
2008-11-09T22:00:00,23.785
2008-11-09T22:06:00,23.785
2008-11-09T22:12:00,23.785
2008-11-09T22:18:00,23.785
2008-11-09T22:24:00,23.761
2008-11-09T22:30:00,23.761
2008-11-09T22:36:00,23.737
2008-11-09T22:42:00,23.713
2008-11-09T22:48:00,23.737
2008-11-09T22:54:00,23.713
2008-11-09T23:00:00,23.713
2008-11-09T23:06:00,23.713
2008-11-09T23:12:00,23.689
2008-11-09T23:18:00,23.689
2008-11-09T23:24:00,23.665
2008-11-09T23:30:00,23.641
2008-11-09T23:36:00,23.641
2008-11-09T23:42:00,23.617
2008-11-09T23:48:00,23.641
2008-11-09T23:54:00,23.593
2008-11-10T00:00:00,23.593
2008-11-10T00:06:00,23.617
2008-11-10T00:12:00,23.617
2008-11-10T00:18:00,23.569
2008-11-10T00:24:00,23.569
2008-11-10T00:30:00,23.569
2008-11-10T00:36:00,23.569
2008-11-10T00:42:00,23.545
2008-11-10T00:48:00,23.521
2008-11-10T00:54:00,23.569
2008-11-10T01:00:00,23.545
2008-11-10T01:06:00,23.497
2008-11-10T01:12:00,23.521
2008-11-10T01:18:00,23.497
2008-11-10T01:24:00,23.497
2008-11-10T01:30:00,23.472
2008-11-10T01:36:00,23.472
2008-11-10T01:42:00,23.424
2008-11-10T01:48:00,23.424
2008-11-10T01:54:00,23.424
2008-11-10T02:00:00,23.424
2008-11-10T02:06:00,23.4
2008-11-10T02:12:00,23.424
2008-11-10T02:18:00,23.4
2008-11-10T02:24:00,23.376
2008-11-10T02:30:00,23.376
2008-11-10T02:36:00,23.352
2008-11-10T02:42:00,23.376
2008-11-10T02:48:00,23.352
2008-11-10T02:54:00,23.328
2008-11-10T03:00:00,23.352
2008-11-10T03:06:00,23.328
2008-11-10T03:12:00,23.328
2008-11-10T03:18:00,23.328
2008-11-10T03:24:00,23.328
2008-11-10T03:30:00,23.328
2008-11-10T03:36:00,23.304
2008-11-10T03:42:00,23.28
2008-11-10T03:48:00,23.304
2008-11-10T03:54:00,23.304
2008-11-10T04:00:00,23.28
2008-11-10T04:06:00,23.256
2008-11-10T04:12:00,23.304
2008-11-10T04:18:00,23.28
2008-11-10T04:24:00,23.256
2008-11-10T04:30:00,23.256
2008-11-10T04:36:00,23.28
2008-11-10T04:42:00,23.232
2008-11-10T04:48:00,23.232
2008-11-10T04:54:00,23.256
2008-11-10T05:00:00,23.208
2008-11-10T05:06:00,23.232
2008-11-10T05:12:00,23.232
2008-11-10T05:18:00,23.232
2008-11-10T05:24:00,23.208
2008-11-10T05:30:00,23.184
2008-11-10T05:36:00,23.232
2008-11-10T05:42:00,23.352
2008-11-10T05:48:00,23.569
2008-11-10T05:54:00,23.833
2008-11-10T06:00:00,24.074
2008-11-10T06:06:00,24.243
2008-11-10T06:12:00,24.46
2008-11-10T06:18:00,24.629
2008-11-10T06:24:00,24.726
2008-11-10T06:30:00,24.823
2008-11-10T06:36:00,24.895
2008-11-10T06:42:00,24.968
2008-11-10T06:48:00,25.016
2008-11-10T06:54:00,25.089
2008-11-10T07:00:00,25.089
2008-11-10T07:06:00,25.113
2008-11-10T07:12:00,25.113
2008-11-10T07:18:00,25.186
2008-11-10T07:24:00,25.21
2008-11-10T07:30:00,25.234
2008-11-10T07:36:00,25.234
2008-11-10T07:42:00,25.21
2008-11-10T07:48:00,25.186
2008-11-10T07:54:00,25.186
2008-11-10T08:00:00,25.21
2008-11-10T08:06:00,25.21
2008-11-10T08:12:00,25.186
2008-11-10T08:18:00,25.162
2008-11-10T08:24:00,25.137
2008-11-10T08:30:00,25.137
2008-11-10T08:36:00,25.162
2008-11-10T08:42:00,25.162
2008-11-10T08:48:00,25.162
2008-11-10T08:54:00,25.137
2008-11-10T09:00:00,25.137
2008-11-10T09:06:00,25.137
2008-11-10T09:12:00,25.186
2008-11-10T09:18:00,25.186
2008-11-10T09:24:00,25.21
2008-11-10T09:30:00,25.186
2008-11-10T09:36:00,25.162
2008-11-10T09:42:00,25.162
2008-11-10T09:48:00,25.186
2008-11-10T09:54:00,25.162
2008-11-10T10:00:00,25.186
2008-11-10T10:06:00,25.186
2008-11-10T10:12:00,25.162
2008-11-10T10:18:00,25.162
2008-11-10T10:24:00,25.162
2008-11-10T10:30:00,25.258
2008-11-10T10:36:00,25.258
2008-11-10T10:42:00,25.258
2008-11-10T10:48:00,25.258
2008-11-10T10:54:00,25.258
2008-11-10T11:00:00,25.21
2008-11-10T11:06:00,25.234
2008-11-10T11:12:00,25.258
2008-11-10T11:18:00,25.258
2008-11-10T11:24:00,25.234
2008-11-10T11:30:00,25.21
2008-11-10T11:36:00,25.21
2008-11-10T11:42:00,25.186
2008-11-10T11:48:00,25.234
2008-11-10T11:54:00,25.21
2008-11-10T12:00:00,25.234
2008-11-10T12:06:00,25.21
2008-11-10T12:12:00,25.21
2008-11-10T12:18:00,25.21
2008-11-10T12:24:00,25.21
2008-11-10T12:30:00,25.21
2008-11-10T12:36:00,25.234
2008-11-10T12:42:00,25.21
2008-11-10T12:48:00,25.21
2008-11-10T12:54:00,25.21
2008-11-10T13:00:00,25.186
2008-11-10T13:06:00,25.162
2008-11-10T13:12:00,25.113
2008-11-10T13:18:00,25.186
2008-11-10T13:24:00,25.162
2008-11-10T13:30:00,25.186
2008-11-10T13:36:00,25.21
2008-11-10T13:42:00,25.186
2008-11-10T13:48:00,25.234
2008-11-10T13:54:00,25.186
2008-11-10T14:00:00,25.234
2008-11-10T14:06:00,25.258
2008-11-10T14:12:00,25.234
2008-11-10T14:18:00,25.234
2008-11-10T14:24:00,25.234
2008-11-10T14:30:00,25.234
2008-11-10T14:36:00,25.234
2008-11-10T14:42:00,25.21
2008-11-10T14:48:00,25.258
2008-11-10T14:54:00,25.283
2008-11-10T15:00:00,25.331
2008-11-10T15:06:00,25.307
2008-11-10T15:12:00,25.283
2008-11-10T15:18:00,25.258
2008-11-10T15:24:00,25.307
2008-11-10T15:30:00,25.307
2008-11-10T15:36:00,25.307
2008-11-10T15:42:00,25.307
2008-11-10T15:48:00,25.331
2008-11-10T15:54:00,25.331
2008-11-10T16:00:00,25.283
2008-11-10T16:06:00,25.283
2008-11-10T16:12:00,25.258
2008-11-10T16:18:00,25.234
2008-11-10T16:24:00,25.283
2008-11-10T16:30:00,25.234
2008-11-10T16:36:00,25.234
2008-11-10T16:42:00,25.258
2008-11-10T16:48:00,25.21
2008-11-10T16:54:00,25.186
2008-11-10T17:00:00,25.162
2008-11-10T17:06:00,25.113
2008-11-10T17:12:00,25.089
2008-11-10T17:18:00,25.089
2008-11-10T17:24:00,25.089
2008-11-10T17:30:00,25.089
2008-11-10T17:36:00,25.04
2008-11-10T17:42:00,25.04
2008-11-10T17:48:00,25.016
2008-11-10T17:54:00,24.992
2008-11-10T18:00:00,24.968
2008-11-10T18:06:00,24.944
2008-11-10T18:12:00,24.895
2008-11-10T18:18:00,24.895
2008-11-10T18:24:00,24.871
2008-11-10T18:30:00,24.847
2008-11-10T18:36:00,24.823
2008-11-10T18:42:00,24.823
2008-11-10T18:48:00,24.798
2008-11-10T18:54:00,24.774
2008-11-10T19:00:00,24.75
2008-11-10T19:06:00,24.702
2008-11-10T19:12:00,24.677
2008-11-10T19:18:00,24.702
2008-11-10T19:24:00,24.677
2008-11-10T19:30:00,24.629
2008-11-10T19:36:00,24.653
2008-11-10T19:42:00,24.605
2008-11-10T19:48:00,24.629
2008-11-10T19:54:00,24.629
2008-11-10T20:00:00,24.581
2008-11-10T20:06:00,24.557
2008-11-10T20:12:00,24.532
2008-11-10T20:18:00,24.557
2008-11-10T20:24:00,24.532
2008-11-10T20:30:00,24.484
2008-11-10T20:36:00,24.46
2008-11-10T20:42:00,24.484
2008-11-10T20:48:00,24.436
2008-11-10T20:54:00,24.436
2008-11-10T21:00:00,24.412
2008-11-10T21:06:00,24.412
2008-11-10T21:12:00,24.412
2008-11-10T21:18:00,24.412
2008-11-10T21:24:00,24.388
2008-11-10T21:30:00,24.315
2008-11-10T21:36:00,24.339
2008-11-10T21:42:00,24.339
2008-11-10T21:48:00,24.291
2008-11-10T21:54:00,24.315
2008-11-10T22:00:00,24.291
2008-11-10T22:06:00,24.291
2008-11-10T22:12:00,24.267
2008-11-10T22:18:00,24.243
2008-11-10T22:24:00,24.243
2008-11-10T22:30:00,24.267
2008-11-10T22:36:00,24.219
2008-11-10T22:42:00,24.219
2008-11-10T22:48:00,24.219
2008-11-10T22:54:00,24.219
2008-11-10T23:00:00,24.195
2008-11-10T23:06:00,24.122
2008-11-10T23:12:00,24.195
2008-11-10T23:18:00,24.171
2008-11-10T23:24:00,24.171
2008-11-10T23:30:00,24.171
2008-11-10T23:36:00,24.171
2008-11-10T23:42:00,24.146
2008-11-10T23:48:00,24.146
2008-11-10T23:54:00,24.098
2008-11-11T00:00:00,24.098
2008-11-11T00:06:00,24.098
2008-11-11T00:12:00,24.098
2008-11-11T00:18:00,24.098
2008-11-11T00:24:00,24.098
